{"cameraMode":{"drawMode":2,"name":"Shaded Wireframe","section":"Shading Mode"},"sceneLighting":true,"audioPlay":false,"sceneViewState":{"showFog":true,"showMaterialUpdate":false,"showSkybox":true,"showFlares":true,"showImageEffects":true,"showParticleSystems":true},"in2DMode":false,"pivot":{"x":-0.27288365364074709,"y":0.8905596733093262,"z":-8.273256301879883},"rotation":{"x":-0.10749544948339462,"y":0.5003994703292847,"z":-0.0627809539437294,"w":-0.8567984700202942},"size":4.041658401489258,"orthographic":false}